area_name,geographycode,Employment_Status_Allcategories,Employment_Status_Part_time,Employment_Status_Part_time per 1000,Employment_Status_Full_time,Employment_Status_Full_time per 1000,Employment_Status_Self_employedwithemployees_Part_time,Employment_Status_Self_employedwithemployees_Part_time per 1000,Employment_Status_Self_employedwithemployees_Full_time,Employment_Status_Self_employedwithemployees_Full_time per 1000,Employment_Status_Self_employedwithoutemployees_Part_time,Employment_Status_Self_employedwithoutemployees_Part_time per 1000,Employment_Status_Self_employedwithoutemployees_Full_time,Employment_Status_Self_employedwithoutemployees_Full_time per 1000,Employment_Status_Full_time_student,Employment_Status_Full_time_student per 1000,General_Health_Allcategories,General_Health_Very_good_health,General_Health_Very_good_health per 1000,General_Health_Good_health,General_Health_Good_health per 1000,General_Health_Fair_health,General_Health_Fair_health per 1000,General_Health_Bad_health,General_Health_Bad_health per 1000,General_Health_Very_bad_health,General_Health_Very_bad_health per 1000,TOTAL POPULATION,covid_deaths
Adur,E07000223,22179,5070,228.5946165,11688,526.9849858,159,7.168943595,695,31.33594842,1285,57.9376888,2563,115.5597637,719,32.41805311,61182,26107,426.7104704,22373,365.6794482,9181,150.0604753,2757,45.06227322,764,12.48733288,61182,87
Allerdale,E07000026,40513,10733,264.9273073,21473,530.0273986,335,8.268950707,1718,42.40614124,1525,37.64223829,3481,85.92303705,1248,30.80492681,96422,42887,444.7843853,33297,345.3257555,14210,147.3730062,4762,49.38706934,1266,13.12978366,96422,259
Amber Valley,E07000032,55025,12390,225.1703771,33008,599.8727851,273,4.96138119,1540,27.98727851,2049,37.23761926,4119,74.85688323,1646,29.9136756,122309,53826,440.0820872,42795,349.8924854,18336,149.9153783,5810,47.50263676,1542,12.60741237,122309,306
Arun,E07000224,49092,12180,248.1055977,23951,487.879899,410,8.351666259,1759,35.83068524,3258,66.36519188,5692,115.9455716,1842,37.52138841,149518,62774,419.842427,54975,367.6814832,23299,155.827392,6608,44.19534772,1862,12.4533501,149518,320
Ashfield,E07000170,53093,11614,218.7482342,34194,644.0397039,261,4.915902285,1090,20.53001337,1426,26.85853126,3321,62.55061873,1187,22.35699621,119497,50253,420.5377541,41200,344.77853,19484,163.0501184,6764,56.60393148,1796,15.02966602,119497,378
Ashford,E07000105,54618,12333,225.8046798,30492,558.2774909,292,5.346222857,1622,29.69716943,2553,46.74283203,5189,95.0053096,2137,39.12629536,117956,56128,475.8384482,41385,350.8511648,15027,127.3949608,4163,35.29282105,1253,10.62260504,117956,347
Aylesbury Vale,E07000004,75310,16096,213.7299163,41858,555.8093215,475,6.307263312,2393,31.77532864,4123,54.74704555,7796,103.518789,2569,34.11233568,174137,89515,514.049283,59530,341.8572733,19073,109.5287044,4661,26.76628172,1358,7.798457536,174137,356
Babergh,E07000200,35722,8291,232.0978669,18589,520.379598,256,7.166452046,1234,34.54453838,2179,60.99882425,3979,111.3879402,1194,33.42478025,87740,40875,465.8650558,31433,358.2516526,11624,132.4823342,3023,34.45406884,785,8.946888534,87740,204
Barking and Dagenham,E09000002,58444,11851,202.7753063,33592,574.7724317,458,7.836561495,1914,32.74929847,2829,48.40531107,5664,96.91328451,2136,36.54780645,185911,87819,472.3711884,62720,337.3657288,24042,129.3199434,8686,46.72128061,2644,14.22185885,185911,513
Barnet,E09000003,129112,27111,209.9804821,61527,476.5397484,1347,10.43280253,5246,40.6313898,11153,86.3823657,16519,127.9431811,6209,48.09003036,356386,183453,514.7592779,117508,329.7211451,39172,109.9145309,12197,34.22412777,4056,11.38091844,356386,867
Barnsley,E08000016,82962,21164,255.1047468,46661,562.4382247,534,6.436681854,2590,31.21911236,2836,34.18432535,6741,81.25406813,2436,29.36284082,231221,96194,416.026226,77649,335.8215733,37956,164.1546399,15278,66.07531323,4144,17.92224755,231221,717
Barrow-in-Furness,E07000027,31302,8560,273.4649543,18672,596.511405,178,5.686537601,681,21.75579835,837,26.73950546,1446,46.1951313,928,29.64666794,69087,29538,427.5478744,22865,330.9595148,10898,157.7431355,4542,65.74319336,1244,18.00628193,69087,165
Basildon,E07000066,82802,18646,225.1877974,49225,594.4904712,417,5.036110239,2228,26.90756262,2706,32.68037004,6910,83.45209053,2670,32.24559793,174497,80704,462.4950572,60991,349.5246337,23145,132.6383835,7355,42.14972177,2302,13.19220388,174497,555
Basingstoke and Deane,E07000084,84821,15653,184.541564,54671,644.5455724,335,3.94949364,1725,20.33694486,3105,36.60650075,6312,74.41553389,3020,35.60439042,167799,85034,506.7610653,58917,351.1165144,18047,107.5512965,4559,27.16941102,1242,7.401712763,167799,287
Bassetlaw,E07000171,51829,12442,240.0586544,31069,599.4520442,303,5.846147909,1387,26.7610797,1642,31.68110517,3439,66.35281406,1547,29.84815451,112863,48326,428.1828411,39138,346.7744079,17794,157.6601721,5912,52.38209156,1693,15.00048732,112863,214
Bath and North East Somerset,E06000022,89861,20546,228.6420138,49486,550.6949622,523,5.820099932,2503,27.85413027,4229,47.06157287,7208,80.21277306,5366,59.71444787,176016,88882,504.9654577,58849,334.3389237,20856,118.4892283,5831,33.12767021,1598,9.078720116,176016,265
Bedford,E06000055,74527,16415,220.2557462,44331,594.8314034,433,5.809974908,2000,26.83591182,2818,37.81179975,5344,71.70555638,3186,42.74960752,157479,73860,469.0149163,56663,359.8130544,19812,125.8072505,5596,35.53489672,1548,9.82988208,157479,479
Bexley,E09000004,74670,17720,237.3108343,38616,517.1554841,469,6.2809696,2521,33.76188563,3585,48.0112495,8829,118.2402571,2930,39.23931967,231997,111323,479.8467222,80446,346.7544839,29015,125.0662724,8688,37.44876011,2525,10.88376143,231997,579
Birmingham,E08000025,488095,106198,217.5764964,303837,622.4956207,3033,6.213954251,11473,23.50567,15305,31.35660066,26224,53.72724572,22025,45.12441226,1073045,488568,455.3098891,363904,339.132096,148782,138.6540173,54105,50.42193011,17686,16.48206739,1073045,2716
Blaby,E07000129,51967,10827,208.3437566,32821,631.5738834,205,3.94481113,1091,20.9940924,1607,30.92347066,3423,65.86872438,1993,38.35126138,93915,44615,475.0572326,33631,358.1004099,11764,125.2622052,3081,32.80626098,824,8.773891285,93915,208
Blackburn with Darwen,E06000008,64522,15345,237.8258578,38483,596.4322247,489,7.578810328,1807,28.00595146,2042,31.64812002,3698,57.31378445,2658,41.19525123,147489,66991,454.2101445,49010,332.2959678,20725,140.518954,8428,57.14324458,2335,15.83168914,147489,416
Blackpool,E06000009,63189,15990,253.0503727,34339,543.4331925,385,6.092832613,1895,29.98939689,2409,38.12372407,5522,87.38862777,2649,41.92185349,142065,56600,398.4091789,48022,338.0283673,23977,168.7748566,10346,72.82581917,3120,21.96177806,142065,382
Bolsover,E07000033,29342,6395,217.9469702,18188,619.8623134,152,5.180287642,735,25.04941722,935,31.86558517,2071,70.58141913,866,29.51400723,75866,30934,407.745235,25423,335.1039992,12965,170.8934173,5152,67.90920834,1392,18.34814014,75866,222
Bolton,E08000001,114946,27612,240.2171454,67057,583.378282,809,7.03808745,3191,27.76086162,4046,35.19913699,7595,66.07450455,4636,40.33198197,276786,125548,453.592306,93765,338.7635213,39139,141.4052734,14465,52.26059121,3869,13.97830815,276786,680
Boston,E07000136,31094,8011,257.6381295,18331,589.5349585,184,5.917540361,918,29.52338072,901,28.97665144,1912,61.49096289,837,26.91837654,64637,26298,406.8567539,24225,374.7853397,10252,158.6088463,3058,47.31036403,804,12.4386961,64637,157
Bournemouth,E06000028,81141,18887,232.7676514,43679,538.3098557,527,6.49486696,2437,30.03413811,3595,44.3055915,7132,87.89637791,4884,60.19151847,183491,84955,462.9927353,63260,344.7580535,24866,135.5161834,8009,43.64791734,2401,13.08511044,183491,376
Bracknell Forest,E06000036,59267,10123,170.8033138,39206,661.5148396,215,3.627651138,1119,18.88065871,2095,35.3485076,4510,76.09630992,1999,33.72871919,113205,59320,524.0051234,38814,342.8647145,11394,100.6492646,2859,25.25506824,818,7.225829248,113205,157
Bradford,E08000032,213515,51830,242.7464113,123005,576.0953563,1595,7.470201157,5909,27.67487062,8390,39.29466314,14326,67.09598857,8460,39.62250896,522452,234133,448.1426045,186031,356.0729024,71580,137.0078017,23768,45.49317449,6940,13.28351695,522452,1162
Braintree,E07000067,57625,13101,227.3492408,30706,532.8590022,396,6.872017354,2022,35.08893709,2992,51.92190889,6380,110.7158351,2028,35.19305857,147084,69884,475.1298578,52492,356.8845014,18291,124.35751,5046,34.30692665,1371,9.32120421,147084,402
Breckland,E07000143,50487,11584,229.4452037,28230,559.1538416,302,5.981737873,1674,33.15705033,2436,48.25004457,4858,96.22279003,1403,27.78933191,130491,55097,422.2283529,48663,372.9222705,19565,149.9337119,5623,43.0910944,1543,11.82457028,130491,295
Brent,E09000005,115221,21089,183.0308711,61616,534.7636282,1234,10.70985324,4646,40.32251065,7577,65.76058184,13895,120.5943361,5164,44.8182189,311215,149695,481.0018797,108169,347.5700079,36731,118.0245168,12339,39.64783188,4281,13.7557637,311215,792
Brentwood,E07000068,33868,7386,218.0819653,19150,565.4304949,219,6.466280855,1127,33.27624897,1705,50.3425062,3189,94.15967875,1092,32.24282509,73601,37548,510.156112,24537,333.3786226,8565,116.3707015,2306,31.33109604,645,8.763467888,73601,224
Brighton and Hove,E06000043,134345,29162,217.0679966,69941,520.6073914,896,6.669395958,4077,30.34724031,7972,59.33975957,13760,102.4228665,8537,63.54534966,273369,134673,492.6418138,91970,336.4317095,32298,118.1479978,11151,40.79101873,3277,11.98746017,273369,405
Broadland,E07000144,47264,10913,230.8945498,25578,541.1729858,307,6.495429926,1504,31.82125931,2585,54.69278944,4961,104.9636087,1416,29.95937712,124646,55219,443.0065947,46106,369.8955442,17475,140.197038,4499,36.09421883,1347,10.8066043,124646,309
Bromley,E09000006,111405,26790,240.4739464,56220,504.6452134,857,7.692652933,3687,33.0954625,6723,60.34738118,12365,110.9914277,4763,42.75391589,309392,154998,500.976108,105574,341.2305425,36098,116.6739929,9904,32.0111703,2818,9.108186378,309392,673
Bromsgrove,E07000234,39055,9126,233.6704647,21399,547.9196006,288,7.374215849,1310,33.54244015,1872,47.93240302,3558,91.10229164,1502,38.45858405,93637,45932,490.5325886,31306,334.3336502,11885,126.9263219,3484,37.20751412,1030,10.99992524,93637,247
Broxbourne,E07000095,38867,8224,211.5933826,21939,564.4634266,257,6.612293205,1186,30.51431806,1649,42.42673734,4320,111.1482749,1292,33.2415674,93609,44661,477.1015607,33072,353.2993622,11544,123.3214755,3357,35.86193635,975,10.41566516,93609,215
Broxtowe,E07000172,38833,9022,232.3281745,22181,571.1894523,246,6.334818325,1087,27.99165658,1564,40.27502382,3001,77.2796333,1732,44.60124121,109487,49831,455.1316595,38276,349.5940157,15614,142.6105382,4521,41.29257355,1245,11.37121302,109487,261
Burnley,E07000117,37472,9243,246.6641759,22067,588.8930401,229,6.111229718,988,26.36635354,1302,34.74594364,2287,61.0322374,1356,36.18701964,87059,37372,429.2721028,29286,336.3925614,13682,157.1577895,5213,59.87893268,1506,17.29861358,87059,290
Bury,E08000002,73437,17776,242.0578183,41208,561.1340333,505,6.876642564,2207,30.05297057,3047,41.49134632,5628,76.63711753,3066,41.75007149,185060,87128,470.8094672,61634,333.0487409,25430,137.4148925,8539,46.14179185,2329,12.58510753,185060,519
Calderdale,E08000033,94704,21554,227.5933435,55695,588.0955398,625,6.599510052,2783,29.38629836,3655,38.59393479,7045,74.38967731,3347,35.34169623,203826,94449,463.3805305,70007,343.4645237,28091,137.8185315,8929,43.80697261,2350,11.52944178,203826,318
Cambridge,E07000008,94190,17859,189.6061153,61955,657.7662172,305,3.238135683,1628,17.28421276,2540,26.9667693,3858,40.95976218,6045,64.17878756,123867,67743,546.9011117,39600,319.6977403,12021,97.04763981,3533,28.5225282,970,7.830980003,123867,121
Camden,E09000007,272367,32549,119.5041984,193413,710.1190673,1303,4.783986313,8374,30.74528118,8287,30.42585923,18665,68.52885996,9776,35.89274765,220338,117692,534.1429985,67334,305.5941327,22963,104.2171573,9174,41.63603191,3175,14.40967967,220338,308
Cannock Chase,E07000192,38814,9805,252.6150358,21287,548.4361313,246,6.337919307,1200,30.91667955,1272,32.77168032,3699,95.30066471,1305,33.62188901,97462,42634,437.4422852,34133,350.2185467,14091,144.5794258,5121,52.54355544,1483,15.21618682,97462,265
Canterbury,E07000106,66713,16134,241.8419199,34940,523.7360035,396,5.935874567,1979,29.66438325,2933,43.96444471,5387,80.74887953,4944,74.1084946,151145,70764,468.1861788,52338,346.2767541,20211,133.7192762,6133,40.57692944,1699,11.24086142,151145,451
Carlisle,E07000028,56652,14284,252.1358469,32846,579.7853562,323,5.701475676,1710,30.18428299,1536,27.11289981,3842,67.81755278,2111,37.26258561,107524,48593,451.9270116,37494,348.7035453,15030,139.7827462,4964,46.16643726,1443,13.42025966,107524,319
Castle Point,E07000069,25388,6914,272.3333859,11200,441.1533008,204,8.035292264,1025,40.37340476,1409,55.49866078,3781,148.9286277,855,33.67732787,88011,38280,434.9456318,31786,361.1594005,12963,147.2884071,3873,44.0058629,1109,12.60069764,88011,365
Central Bedfordshire,E06000056,98170,20281,206.5906081,54513,555.2918407,643,6.549862483,3392,34.55230722,4831,49.21055312,10651,108.495467,3859,39.30936131,254381,125019,491.463592,90360,355.2152087,29202,114.7963095,7672,30.15948518,2128,8.365404649,254381,581
Charnwood,E07000130,67856,14941,220.1868663,39121,576.52971,385,5.673779769,1924,28.35416175,2591,38.18380099,5147,75.85180382,3747,55.21987739,166100,79906,481.0716436,58637,353.0222757,20620,124.1420831,5465,32.90186635,1472,8.862131246,166100,323
Chelmsford,E07000070,82621,19686,238.268721,47026,569.1773278,424,5.131867201,2097,25.38095642,3358,40.64341995,6752,81.72256448,3278,39.67514312,168310,84476,501.9071951,58430,347.1570317,19261,114.4376448,4778,28.3880934,1365,8.110035054,168310,414
Cheltenham,E07000078,63483,13839,217.9953688,37590,592.1270261,306,4.820188082,1574,24.79403935,2414,38.0259282,4180,65.84439929,3580,56.39305011,115732,57758,499.0668095,39722,343.2240003,13631,117.7807348,3637,31.4260533,984,8.502402101,115732,216
Cherwell,E07000177,71803,14388,200.3815997,44248,616.2416612,357,4.971937106,1864,25.95991811,2859,39.81727783,5523,76.91879169,2564,35.70881439,141868,71403,503.30589,49163,346.540446,15844,111.6812812,4261,30.03496208,1197,8.437420701,141868,231
Cheshire East,E06000049,182026,39206,215.3868129,107912,592.8383857,1103,6.059573907,5709,31.36365135,7602,41.76326459,13390,73.56091987,7104,39.02739169,370127,181595,490.6288922,123065,332.4939818,47306,127.8101841,14247,38.49219322,3914,10.57474867,370127,909
Cheshire West and Chester,E06000050,158249,37538,237.20845,92117,582.1016247,879,5.554537469,4480,28.30981554,5693,35.97495087,10441,65.97830002,7101,44.87232147,329608,159777,484.7485498,108967,330.595738,42604,129.2565714,14259,43.26047911,4001,12.13866168,329608,863
Chesterfield,E07000034,51786,14090,272.0812575,29798,575.4064805,258,4.982041478,1280,24.71710501,1556,30.04673078,3083,59.53346464,1721,33.23292009,103788,43274,416.9460824,35622,343.2188692,16984,163.6412687,6204,59.77569661,1704,16.41808302,103788,207
Chichester,E07000225,61226,13768,224.8717865,33125,541.0283213,372,6.075850129,1955,31.93087904,3523,57.54091399,5675,92.68938033,2808,45.86286872,113794,54210,476.3871557,39771,349.4999736,14900,130.9383623,3822,33.5870081,1091,9.58750022,113794,288
Chiltern,E07000005,35476,7886,222.2911264,17549,494.6724546,321,9.04837073,1410,39.74517984,2965,83.57762995,4075,114.8663885,1270,35.79884993,92635,49848,538.1119447,30368,327.8242565,9433,101.829762,2334,25.19566039,652,7.038376424,92635,183
Chorley,E07000118,41674,10130,243.0772184,23085,553.9425061,258,6.1909104,1368,32.82622258,1636,39.25709075,3535,84.82507079,1662,39.88098095,107155,51303,478.773739,35705,333.208903,14222,132.7236247,4623,43.14311045,1302,12.15062293,107155,226
Christchurch,E07000048,20702,4628,223.5532799,11432,552.2171771,151,7.293981258,731,35.31059801,1063,51.34769587,1876,90.61926384,821,39.65800406,47752,20203,423.0817557,17116,358.4352488,7681,160.8519015,2208,46.23890099,544,11.392193,47752,99
City of London,E09000001,356706,21552,60.41950514,304208,852.8255762,471,1.320415132,10139,28.4239682,1758,4.928428454,12571,35.2419079,6007,16.84019893,7375,4112,557.559322,2374,321.8983051,643,87.18644068,190,25.76271186,56,7.593220339,7375,11
Colchester,E07000071,83688,19714,235.5654335,47629,569.1258006,451,5.389064143,2060,24.61523755,3190,38.11777077,6249,74.67020361,4395,52.51648982,173074,84520,488.3460254,60279,348.2845488,20925,120.9020419,5692,32.88766655,1658,9.579717346,173074,351
Copeland,E07000029,34640,7515,216.9457275,22517,650.0288684,172,4.965357968,857,24.74018476,751,21.68013857,2117,61.11431871,711,20.52540416,70603,31329,443.7346855,23938,339.0507486,10516,148.9455122,3760,53.25552739,1060,15.01352634,70603,170
Corby,E07000150,30883,5925,191.8531231,21191,686.170385,112,3.626590681,599,19.39578409,577,18.68341806,1503,48.66755173,976,31.60314736,61255,28138,459.3584197,21539,351.6284385,8045,131.3362175,2697,44.02905885,836,13.64786548,61255,124
Cornwall,E06000052,235859,58483,247.9574661,116476,493.8374198,1919,8.136216977,10050,42.61020355,13907,58.96319411,26390,111.8888828,8634,36.60661667,532273,240759,452.3223985,178805,335.9272403,79181,148.7601287,25907,48.6723918,7621,14.31784066,532273,504
Cotswold,E07000079,43391,9344,215.3441958,23051,531.2391971,335,7.720495034,1803,41.55239566,2719,62.66276417,4543,104.6991312,1596,36.78182111,82881,40433,487.8440173,29067,350.7076411,10220,123.309323,2498,30.13959774,663,7.999420856,82881,133
County Durham,E06000047,196872,45904,233.1667276,119193,605.4339876,1018,5.170872445,5444,27.65248486,5699,28.9477427,12284,62.39587143,7330,37.23231338,513242,217373,423.5292513,171564,334.2750593,82404,160.5558392,32568,63.45544597,9333,18.18440424,513242,1349
Coventry,E08000026,148246,32100,216.5319806,92913,626.7487824,593,4.000107929,2900,19.56207925,3796,25.60608718,7785,52.51406446,8159,55.03689813,316960,145948,460.4618879,109815,346.4632761,42006,132.5277638,14765,46.58316507,4426,13.96390712,316960,594
Craven,E07000163,27277,6072,222.6051252,14183,519.9618726,194,7.112219086,1231,45.12959636,1338,49.05231514,3111,114.0521318,1148,42.08673974,55409,26383,476.1500839,19150,345.6117237,7387,133.3176921,1975,35.64402895,514,9.276471331,55409,124
Crawley,E07000226,79370,14868,187.3251858,55408,698.097518,205,2.582839864,1189,14.98047121,1503,18.93662593,3896,49.08655663,2301,28.99080257,106597,50751,476.1015788,38279,359.1001623,12856,120.6037693,3679,34.51316641,1032,9.681323114,106597,200
Croydon,E09000008,120398,26164,217.3125799,64828,538.4474825,970,8.056612236,3883,32.2513663,6712,55.74843436,12406,103.0415788,5435,45.14194588,363378,174584,480.4473578,128634,353.9950135,43473,119.6357512,12734,35.04339833,3953,10.87847916,363378,913
Dacorum,E07000096,66247,13738,207.3754283,38091,574.9845276,392,5.917249083,1867,28.18240826,3300,49.81357646,6183,93.33252827,2676,40.39428201,144847,72910,503.3587164,49326,340.5386373,16778,115.8325682,4576,31.59195565,1257,8.678122433,144847,311
Darlington,E06000005,52096,12516,240.2487715,32121,616.5732494,241,4.626074939,1279,24.55082924,1307,25.08829853,2830,54.3227887,1802,34.58998771,105564,47046,445.6632943,37199,352.3833883,15116,143.1927551,4763,45.11954833,1440,13.64101398,105564,244
Dartford,E07000107,54972,12461,226.6790366,32166,585.1342502,228,4.147566034,1271,23.12086153,1542,28.05064396,3958,72.00029106,3346,60.86735065,97365,47273,485.5235454,33941,348.5954912,11837,121.5734607,3314,34.03687157,1000,10.27063113,97365,285
Daventry,E07000151,38650,6907,178.7063389,24174,625.4592497,198,5.122897801,1154,29.85769728,1657,42.87192755,3339,86.39068564,1221,31.5912031,77843,37709,484.4237761,27454,352.6842491,9398,120.7301877,2577,33.10509616,705,9.056691032,77843,136
Derby,E06000015,123890,29473,237.8965211,76316,615.9980628,534,4.310275244,2443,19.71910566,3205,25.86972314,6392,51.59415611,5527,44.61215594,248752,111837,449.5923651,87060,349.9871358,35193,141.4782595,11413,45.88103814,3249,13.06120152,248752,707
Derbyshire Dales,E07000035,36196,8808,243.3418057,18725,517.3223561,313,8.64736435,1457,40.25306664,1913,52.85114377,3702,102.2764946,1278,35.30776881,71116,33487,470.8785646,24683,347.0808257,9718,136.6499803,2475,34.80229484,753,10.58833455,71116,167
Doncaster,E08000017,127557,33050,259.0998534,74631,585.0796115,754,5.911082888,3324,26.05893836,3880,30.41777401,8071,63.27367373,3847,30.15906614,302402,131738,435.6386532,102983,340.5499964,45748,151.2820682,16982,56.157036,4951,16.37224622,302402,799
Dover,E07000108,43282,10189,235.4096391,24201,559.1469895,317,7.32406081,1427,32.96982579,2099,48.49591054,3710,85.7169262,1339,30.93664803,111674,48433,433.6998764,39477,353.5021581,16745,149.9453767,5538,49.59077314,1481,13.26181564,111674,339
Dudley,E08000027,123197,31765,257.8390708,69941,567.7167463,689,5.592668653,3313,26.8918886,4196,34.05927092,8878,72.0634431,4415,35.83691161,312925,132825,424.4627307,111905,357.6096509,47828,152.8417352,15918,50.86841895,4449,14.21746425,312925,723
Ealing,E09000009,132461,22577,170.4426208,75084,566.8385412,1177,8.885634262,4659,35.17261685,8424,63.59607734,14954,112.8936064,5586,42.17090313,338449,166385,491.6102574,116712,344.843684,38421,113.5207963,12817,37.869812,4114,12.1554503,338449,741
East Cambridgeshire,E07000009,31112,6584,211.6225251,16927,544.0665981,211,6.781949087,1178,37.86320391,1828,58.75546413,3514,112.9467729,870,27.96348676,83818,40874,487.651817,29487,351.7979432,10131,120.8690257,2614,31.18661863,712,8.494595433,83818,97
East Devon,E07000040,53997,12895,238.8095635,26624,493.0644295,479,8.870863196,2431,45.02101969,3519,65.17028724,6158,114.0433728,1891,35.0204641,132457,58004,437.9081513,47716,360.237662,19960,150.6904127,5285,39.89974105,1492,11.26403286,132457,181
North Dorset,E07000050,30265,6409,211.7627623,16499,545.1511647,226,7.467371551,1135,37.50206509,1804,59.60680654,3374,111.4819098,818,27.02792004,68583,32782,477.9901725,24146,352.0697549,8808,128.4283277,2266,33.04025779,581,8.471487103,68583,83
East Hampshire,E07000085,48214,10608,220.0190816,25400,526.8179367,346,7.176338823,1643,34.07723898,3096,64.21371386,5371,111.3991787,1750,36.29651139,115608,58330,504.5498581,40113,346.9742578,12885,111.4542246,3336,28.85613452,944,8.165524877,115608,196
East Hertfordshire,E07000242,58180,13146,225.9539361,31200,536.2667583,376,6.462701959,2030,34.89171537,3222,55.37985562,5941,102.1141286,2265,38.93090409,137687,72332,525.3364515,46399,336.9889677,14325,104.0403233,3678,26.71276155,953,6.921495857,137687,230
East Lindsey,E07000137,51693,12984,251.1752075,26688,516.2787998,459,8.879345366,2315,44.78362641,2658,51.41895421,5141,99.45253709,1448,28.01152961,136401,52138,382.2405994,48140,352.9299639,24915,182.6599512,8671,63.56991518,2537,18.59957038,136401,319
East Riding of Yorkshire,E06000011,133512,32503,243.446282,73378,549.598538,960,7.190364911,4938,36.98543951,5705,42.73024148,11254,84.29204865,4774,35.75708551,334179,151003,451.8626245,116859,349.6898369,48307,144.5542658,13877,41.52564943,4133,12.36762334,334179,748
East Staffordshire,E07000193,59222,13014,219.7494174,36859,622.3869508,328,5.538482321,1466,24.75431428,1811,30.57985208,3639,61.44675965,2105,35.54422343,113583,52094,458.6425786,40576,357.2365583,15302,134.7208649,4377,38.53569636,1234,10.86430188,113583,390
Eastbourne,E07000061,43881,11494,261.9356897,23158,527.7454935,246,5.606070965,1152,26.25282013,1903,43.3672888,3829,87.25872245,2099,47.83391445,99412,42818,430.71259,35193,354.0115881,15251,153.4120629,4712,47.39870438,1438,14.46505452,99412,316
Eastleigh,E07000086,64219,13973,217.5835812,39032,607.7952008,299,4.655942945,1470,22.89042184,2270,35.34779427,4774,74.33936997,2401,37.387689,125199,61561,491.7052053,44190,352.9580907,14538,116.1191383,3817,30.48746396,1093,8.730101678,125199,177
Eden,E07000030,28783,6635,230.5180141,14489,503.3874162,246,8.546711601,1453,50.48118681,1419,49.29993399,3459,120.1751034,1082,37.59163395,52564,24210,460.5813865,18810,357.8494787,7195,136.8807549,1875,35.67080131,474,9.017578571,52564,132
Elmbridge,E07000207,56375,10641,188.7538803,31303,555.2638581,461,8.177383592,1874,33.24168514,4080,72.37250554,5779,102.5099778,2237,39.68070953,130875,73880,564.5081184,40555,309.8758357,12360,94.44126074,3213,24.55014327,867,6.624641834,130875,266
Enfield,E09000010,105493,23579,223.5124605,55196,523.2195501,980,9.289715905,3525,33.41453935,6520,61.80504868,10880,103.1348052,4813,45.62388026,312466,146351,468.3741591,109394,350.0988908,39699,127.0506231,12840,41.09247086,4182,13.38385616,312466,743
Epping Forest,E07000072,47610,10602,222.68431,23495,493.4887629,490,10.29195547,2111,44.33942449,3063,64.33522369,6100,128.1243436,1749,36.73597984,124659,61413,492.6479436,42077,337.5368004,15435,123.8177749,4441,35.62518551,1293,10.37229562,124659,383
Epsom and Ewell,E07000208,30223,6747,223.2405784,16217,536.5781028,199,6.584389372,878,29.05072296,1706,56.44707673,3035,100.4202098,1441,47.67892003,75102,39208,522.0633272,25355,337.6075204,7988,106.3620143,2016,26.84349285,535,7.123645176,75102,219
Erewash,E07000036,42970,10256,238.6781475,24753,576.0530603,247,5.748196416,1387,32.27833372,1625,37.81708168,3394,78.98533861,1308,30.43984175,112081,49349,440.2976419,39666,353.9047653,16762,149.5525557,4874,43.48640715,1430,12.75862992,112081,289
Exeter,E07000041,83220,19107,229.5962509,51869,623.2756549,309,3.713049748,1673,20.10334054,2099,25.22230233,3969,47.69286229,4194,50.39653929,117773,58775,499.0532635,39301,333.7012728,14075,119.509565,4331,36.77413329,1291,10.96176543,117773,114
Fareham,E07000087,51004,11285,221.2571563,30339,594.8356992,273,5.352521371,1206,23.6452043,2034,39.87922516,3831,75.11175594,2036,39.91843777,111581,54170,485.4769181,39284,352.0671082,13638,122.22511,3489,31.2687644,1000,8.962099282,111581,264
Fenland,E07000010,38156,8636,226.3339973,22255,583.2634448,241,6.3161757,1242,32.55058182,1401,36.71768529,3471,90.968655,910,23.84946011,95262,37577,394.4594907,36042,378.3460351,15760,165.4384749,4590,48.18290609,1293,13.57309315,95262,207
Forest Heath,E07000201,32904,6581,200.0060783,21115,641.715293,152,4.619499149,843,25.61998541,976,29.66204717,2201,66.89156334,1036,31.48553367,59748,28739,481.0035482,21194,354.7231707,7235,121.0919194,2035,34.05971748,545,9.121644239,59748,64
Forest of Dean,E07000080,30458,7115,233.6003677,15356,504.1696763,223,7.321557555,1221,40.08799002,1888,61.98699849,3732,122.5293847,923,30.30402522,81961,36281,442.6617538,29340,357.9751345,11879,144.9347861,3535,43.13026927,926,11.29805639,81961,112
Fylde,E07000119,42934,7617,177.4118414,28248,657.9400941,218,5.077560907,1159,26.99492244,1411,32.86439652,2811,65.47258583,1470,34.23859878,75757,33815,446.3613923,25591,337.8037673,11619,153.3719656,3692,48.73477038,1040,13.72810433,75757,254
Gateshead,E08000037,91882,20676,225.027753,58035,631.6253456,454,4.941120132,2192,23.85668575,2068,22.50712871,4560,49.62887181,3897,42.41309506,200214,85320,426.1440259,67807,338.6726203,31158,155.6234829,12152,60.69505629,3777,18.86481465,200214,446
Gedling,E07000173,36897,9125,247.3100794,19635,532.1570859,240,6.504593869,1170,31.70989511,1810,49.05547877,3607,97.75862536,1310,35.50424154,113543,51154,450.5253516,39934,351.7081634,16473,145.081599,4657,41.01529817,1325,11.66958773,113543,290
Gloucester,E07000081,63844,15873,248.6216402,39000,610.863981,243,3.806152497,1282,20.08019548,1548,24.24660109,3530,55.29102187,2368,37.09040787,121688,56655,465.575899,43150,354.5953586,15933,130.9332062,4616,37.93307475,1334,10.96246138,121688,244
Gosport,E07000088,26652,6211,233.0406724,15387,577.3300315,129,4.840162089,655,24.57601681,1125,42.21071589,2346,88.02341288,799,29.97898844,82622,37447,453.2327951,29915,362.0706349,11224,135.8475951,3215,38.91215415,821,9.936820702,82622,156
Gravesham,E07000109,32015,8364,261.2525379,16439,513.4780572,222,6.934249571,1202,37.54490083,1511,47.19662658,3297,102.9829767,980,30.61065126,101720,47298,464.9823044,35572,349.7050727,13629,133.9854503,4104,40.34604797,1117,10.98112466,101720,295
Great Yarmouth,E07000145,39960,11544,288.8888889,21426,536.1861862,232,5.805805806,1181,29.55455455,1425,35.66066066,2945,73.6986987,1207,30.20520521,97277,39204,403.0140732,35032,360.1262374,16130,165.8151464,5330,54.79198577,1581,16.25255713,97277,207
Greenwich,E09000011,86199,18396,213.4131486,46538,539.8902539,655,7.598696041,2707,31.40407661,4546,52.73843084,8673,100.6160164,4684,54.33937749,254557,127641,501.4240426,83875,329.4939837,29386,115.439764,10420,40.93385764,3235,12.70835216,254557,480
Guildford,E07000209,77684,14304,184.1305803,47621,613.0091138,361,4.647031564,1966,25.30765666,3469,44.65527007,5614,72.26713352,4349,55.98321405,137183,73969,539.1994635,45445,331.2728254,13442,97.98590204,3402,24.79899113,925,6.742817988,137183,220
Hackney,E09000012,103604,18063,174.3465503,57554,555.5190919,1021,9.85483186,3902,37.66263851,6383,61.60959036,12735,122.9199645,3946,38.08733254,246270,128442,521.5495188,75699,307.3821416,26837,108.9738904,11183,45.40950989,4109,16.68493929,246270,477
Halton,E06000006,57420,12098,210.6931383,37907,660.1706722,230,4.005572971,1205,20.98571926,1246,21.69975618,2951,51.39324277,1783,31.05189829,125746,58684,466.6868131,39693,315.6601403,17504,139.201247,7732,61.48903345,2133,16.96276621,125746,274
Hambleton,E07000164,48641,10420,214.2225694,28173,579.2027302,335,6.887193931,1892,38.89722662,1797,36.94414177,4307,88.54669929,1717,35.29943875,89140,43384,486.6950864,30682,344.2001346,11235,126.0376935,2972,33.34081221,867,9.726273278,89140,159
Hammersmith and Fulham,E09000013,124530,16147,129.6635349,82567,663.028989,774,6.21536979,3326,26.70842367,5343,42.90532402,10037,80.59905244,6336,50.87930619,182493,103036,564.6024779,53374,292.4714921,17188,94.18443447,6531,35.78767405,2364,12.95392152,182493,281
Harborough,E07000131,42180,8517,201.9203414,24767,587.1740161,269,6.377430062,1400,33.19108582,1982,46.98909436,3669,86.98435277,1576,37.36367947,85382,43421,508.5498114,29261,342.7068937,9707,113.689068,2345,27.46480523,648,7.589421658,85382,151
Haringey,E09000014,81001,17014,210.0467895,36277,447.8586684,1000,12.3455266,3202,39.53037617,7648,94.41858742,11982,147.9240997,3878,47.87595215,254926,126485,496.1635926,85567,335.6542683,28444,111.5774774,10650,41.77682935,3780,14.82783239,254926,474
Harlow,E07000073,39814,8745,219.6463556,24438,613.8041895,156,3.918219722,803,20.16878485,1195,30.01456774,2939,73.81825489,1538,38.62962777,81944,36969,451.1495656,29380,358.5375378,11203,136.7153178,3398,41.46734355,994,12.13023528,81944,188
Harrogate,E07000165,82129,17283,210.437239,46970,571.9051736,601,7.317756213,3021,36.78359654,3742,45.5624688,7201,87.67913892,3311,40.31462699,157869,79934,506.3311987,53313,337.7040458,18633,118.0282386,4698,29.75885069,1291,8.177666293,157869,284
Harrow,E09000015,73804,16068,217.7117771,35537,481.5050675,794,10.75822449,3279,44.42848626,5323,72.12346214,9377,127.0527343,3426,46.42024823,239056,113731,475.7504518,86069,360.0369788,28329,118.5036142,8289,34.67388394,2638,11.03507128,239056,645
Hart,E07000089,40079,7335,183.0135482,24149,602.5349934,230,5.738666134,1146,28.59352778,2107,52.57117194,3751,93.59015944,1361,33.95793308,91033,50079,550.1191875,30120,330.8690255,8432,92.6257511,1891,20.77268683,511,5.613349005,91033,150
Hartlepool,E06000001,34197,9663,282.5686464,19632,574.0854461,213,6.228616545,853,24.94370851,874,25.55779747,1743,50.96938328,1219,35.64640173,92028,39816,432.6509323,30117,327.2590951,14607,158.723432,5789,62.90476811,1699,18.4617725,92028,250
Hastings,E07000062,36828,9490,257.6843706,18853,511.920278,249,6.761159987,1115,30.27587705,1924,52.24285869,3869,105.0559357,1328,36.05951993,90254,36556,405.0346799,32707,362.3883706,14276,158.1758149,5159,57.16090146,1556,17.24023312,90254,240
Havant,E07000090,46667,11249,241.0482782,25787,552.5746245,236,5.057106735,1328,28.45693959,1925,41.24970536,4385,93.96361455,1757,37.64973107,120684,53474,443.0910477,43275,358.5810878,17188,142.4215306,5172,42.85572238,1575,13.05061151,120684,296
Havering,E09000016,84726,21053,248.4833463,43569,514.2341194,662,7.81342209,2840,33.51981682,4046,47.75393622,9423,111.2173359,3133,36.97802328,237232,109131,460.0180414,84378,355.677143,31492,132.74769,9464,39.89343765,2767,11.66368787,237232,844
Hertsmere,E07000098,46377,8740,188.4554844,26228,565.5389525,357,7.697781228,1600,34.49985984,2805,60.48256679,4917,106.0223818,1730,37.30297346,100031,51558,515.4202197,32887,328.7680819,11433,114.2945687,3208,32.07005828,945,9.447071408,100031,318
High Peak,E07000037,35791,8467,236.5678523,18851,526.6966556,237,6.621776424,1305,36.46168031,1855,51.82867201,3752,104.8308234,1324,36.99254002,90892,43185,475.1243234,30980,340.8440787,12011,132.1458434,3696,40.66364477,1020,11.22210976,90892,238
Hillingdon,E09000017,164963,28934,175.3969072,110136,667.6406224,762,4.619217643,3374,20.45307129,4766,28.89132715,10180,61.71080788,6811,41.28804641,273936,133627,487.8037206,96647,352.8086852,31492,114.9611588,9404,34.32918638,2766,10.09724899,273936,706
Hinckley and Bosworth,E07000132,42514,9258,217.7635602,24430,574.6342381,298,7.009455709,1324,31.14268241,1872,44.03255398,3832,90.13501435,1500,35.28249518,105078,48612,462.6277622,37653,358.3338092,13974,132.986924,3812,36.27781267,1027,9.773691924,105078,207
Horsham,E07000227,56174,12135,216.0252074,30139,536.5293552,393,6.996119201,1913,34.05490084,3626,64.54943568,5840,103.9626874,2128,37.8822943,131301,66403,505.7311064,45684,347.9333745,14580,111.0425663,3560,27.11327408,1074,8.179678753,131301,225
Hounslow,E09000018,128880,18996,147.3929236,84873,658.5428305,771,5.982309125,3119,24.20080695,5477,42.49689634,10608,82.30912477,5036,39.07510863,253957,124442,490.0120887,89064,350.7050406,28552,112.428482,9085,35.77377273,2814,11.08061601,253957,569
Huntingdonshire,E07000011,77355,15712,203.1155064,47418,612.9920496,424,5.481222933,2141,27.67759033,3058,39.53202766,6040,78.08157197,2562,33.12003103,169508,82675,487.7350921,60470,356.738325,19682,116.1125139,5239,30.90709583,1442,8.506973122,169508,250
Hyndburn,E07000120,31172,7085,227.2873091,18310,587.3861157,229,7.346336456,965,30.95726934,1215,38.97728731,2305,73.94456564,1063,34.10111639,80734,34759,430.5373201,27610,341.9872668,12225,151.4231922,4800,59.45450492,1340,16.59771596,80734,211
Ipswich,E07000202,71601,19396,270.8900714,41980,586.3046605,283,3.952458765,1410,19.6924624,1875,26.1867851,4053,56.60535467,2604,36.36820715,133384,60771,455.6093684,47800,358.3638217,18053,135.3460685,5233,39.23259162,1527,11.4481497,133384,319
Isle of Wight,E06000046,56591,15353,271.2975561,28195,498.2240992,468,8.269866233,2057,36.34853599,3233,57.1292255,5544,97.96610768,1741,30.76460921,138265,56420,408.056992,50514,365.3419159,22378,161.848624,6921,50.05605178,2032,14.6964163,138265,255
Isles of Scilly,E06000053,1299,204,157.0438799,652,501.9245574,19,14.62663587,121,93.14857583,78,60.04618938,216,166.2817552,9,6.928406467,2203,1135,515.2065365,754,342.2605538,248,112.5737631,53,24.05810259,13,5.901044031,2203,0
Islington,E09000019,167159,22671,135.6253627,115291,689.7086008,861,5.150784582,4844,28.97839781,5596,33.47710862,12051,72.09303717,5845,34.96670834,206125,106386,516.1237113,63382,307.4930261,23113,112.1309885,9771,47.40327471,3473,16.84899939,206125,325
Kensington and Chelsea,E09000020,116546,16510,141.6608035,75327,646.3284883,888,7.619309114,3781,32.44212586,5785,49.63705318,9077,77.88341084,5178,44.42880923,158649,91764,578.4089405,45189,284.8363368,14464,91.16981513,5357,33.76636474,1875,11.81854282,158649,251
Kettering,E07000153,42290,9866,233.2939229,24866,587.9877039,233,5.509576732,1110,26.2473398,1485,35.11468432,3192,75.4788366,1538,36.36793568,93475,43038,460.4225729,33973,363.4447713,12039,128.7937951,3477,37.19711153,948,10.14174913,93475,198
King's Lynn and West Norfolk,E07000146,63513,14745,232.1571962,36369,572.6229276,400,6.29792326,2105,33.14282115,2655,41.80246564,5424,85.3998394,1815,28.57682679,147451,60322,409.0986158,54681,370.841839,23441,158.9748459,7077,47.99560532,1930,13.089094,147451,389
Kingston upon Thames,E09000021,72450,14574,201.1594203,39873,550.3519669,515,7.108350587,1928,26.61145618,3868,53.38854382,6438,88.86128364,5254,72.51897861,160060,84332,526.877421,53598,334.8619268,16425,102.6177683,4438,27.72710234,1267,7.915781582,160060,305
Kirklees,E08000034,166882,40814,244.5680181,92869,556.4950084,1289,7.724020565,5226,31.31554032,6813,40.82525377,12616,75.59832696,7255,43.47383181,422458,192366,455.3494075,147731,349.6939341,58042,137.3911726,19030,45.04589805,5289,12.51958775,422458,869
Knowsley,E08000011,57202,12700,222.0202091,36689,641.3936576,237,4.143211776,1223,21.38037132,1350,23.60057341,3426,59.89301073,1577,27.56896612,145893,67153,460.2893902,43505,298.1979944,21420,146.8199297,10631,72.8684721,3184,21.82421364,145893,395
Lambeth,E09000022,137664,20456,148.5936774,86523,628.5085425,851,6.181717806,3518,25.55497443,7139,51.85814737,13795,100.2077522,5382,39.09518828,303086,160326,528.9785737,97286,320.984803,31188,102.9014867,10729,35.39919363,3557,11.73594293,303086,521
Lancaster,E07000121,58893,14648,248.722259,31960,542.679096,343,5.824121712,1757,29.83376632,2307,39.172737,4384,74.44008626,3494,59.32793371,138375,64577,466.6811201,46831,338.435411,18960,137.0189702,6215,44.91418248,1792,12.95031617,138375,285
Leeds,E08000035,409815,82275,200.7613191,261020,636.9215378,2010,4.904652099,9456,23.07382599,11355,27.70762417,22846,55.7471054,20853,50.88393543,751485,361295,480.7747327,254023,338.0280378,95515,127.101672,31504,41.92232713,9148,12.17323034,751485,1535
Leicester,E06000016,163224,40528,248.2968191,97896,599.7647405,879,5.385237465,3882,23.78326717,3977,24.36528942,7299,44.71768858,8763,53.6869578,329839,148108,449.031194,117551,356.3890262,44278,134.241251,14972,45.39184269,4930,14.94668611,329839,810
Lewes,E07000063,40055,9198,229.6342529,20207,504.4813382,302,7.539633005,1440,35.95056797,2777,69.3296717,4765,118.961428,1366,34.10310823,97502,43719,448.3908022,34634,355.2132264,13900,142.5611782,4066,41.70170868,1183,12.13308445,97502,266
Lewisham,E09000023,78895,16732,212.079346,38803,491.8309145,766,9.709107041,2698,34.19735091,5749,72.86900311,10008,126.8521453,4139,52.46213322,275885,135428,490.8856951,93850,340.1779727,32289,117.0378962,10755,38.98363449,3563,12.91480146,275885,549
Lichfield,E07000194,44755,10482,234.2084683,25377,567.0204446,279,6.233940342,1368,30.56641716,1882,42.05116747,3692,82.49357614,1675,37.42598592,100654,47225,469.1815526,35014,347.8649631,13259,131.7284956,3959,39.33276373,1197,11.89222485,100654,281
Lincoln,E07000138,55050,14131,256.6939146,32300,586.7393279,213,3.869209809,1078,19.582198,1195,21.7075386,2657,48.26521344,3476,63.14259764,93541,41329,441.8276478,34216,365.7861259,13005,139.0299441,3907,41.76778097,1084,11.5885013,93541,164
Liverpool,E08000012,235801,54448,230.9065695,145177,615.6759301,973,4.126360787,5164,21.89982231,5063,21.47149503,11403,48.35857354,13573,57.56124868,466415,217977,467.3456042,142132,304.7329095,65422,140.2656433,31162,66.81174491,9722,20.84409807,466415,1280
Luton,E06000032,89954,19030,211.5525713,55031,611.7682371,541,6.014185028,2082,23.14516308,2864,31.83849523,6098,67.79020388,4308,47.89114436,203201,94607,465.5833387,73300,360.7265712,25277,124.3940729,7571,37.25867491,2446,12.03734234,203201,509
Maidstone,E07000110,76795,17142,223.2176574,44383,577.9412722,466,6.068103392,2133,27.77524578,3321,43.24500293,6639,86.45094082,2711,35.30177746,155143,74636,481.0787467,54384,350.5411137,19291,124.3433478,5323,34.31028148,1509,9.726510381,155143,398
Maldon,E07000074,23037,5326,231.1932977,11288,489.9943569,201,8.725094413,983,42.67048661,1501,65.15605331,3041,132.0050354,697,30.25567565,61629,28471,461.9740706,21961,356.3419819,8269,134.1738467,2260,36.67104772,668,10.83905304,61629,139
Malvern Hills,E07000235,31181,6833,219.1398608,16081,515.7307335,255,8.17805715,1285,41.21099387,2066,66.25829832,3538,113.4665341,1123,36.01552227,74631,34011,455.722153,26171,350.6719728,10494,140.6118101,2939,39.38041832,1016,13.6136458,74631,130
Manchester,E08000003,319745,58333,182.4360037,213761,668.5358645,1340,4.190839575,6667,20.85099063,7293,22.80880076,13613,42.5745516,18738,58.60294923,503127,245334,487.6184343,159452,316.92197,62651,124.5232317,27014,53.69220893,8676,17.24415505,503127,913
Mansfield,E07000174,40987,10745,262.1562935,23237,566.9358577,224,5.465147486,1139,27.78929905,1298,31.66857784,2903,70.8273355,1441,35.15748896,104466,43295,414.4410622,35895,343.6046178,16922,161.9857178,6476,61.99146134,1878,17.97714089,104466,295
Medway,E06000035,98648,24133,244.637499,54673,554.2230963,546,5.534830914,2624,26.59962696,3599,36.48325359,9178,93.03787203,3895,39.48382126,263925,120662,457.1829118,95679,362.5234442,34307,129.9876859,10388,39.35966657,2889,10.94629156,263925,729
Melton,E07000133,22107,4914,222.2825349,12322,557.3800154,151,6.830415705,783,35.41864568,1037,46.90821912,2015,91.14760031,885,40.03256887,50376,24349,483.3452438,17892,355.1691282,6295,124.9602986,1449,28.763697,391,7.761632523,50376,91
Mendip,E07000187,49267,12077,245.1336594,24480,496.8843242,376,7.631883411,1829,37.12424138,3227,65.50023342,5441,110.4390363,1837,37.28662188,109279,51153,468.0954255,38270,350.2045224,14619,133.7768464,4137,37.85722783,1100,10.06597791,109279,169
Merton,E09000024,75223,13975,185.7809447,41225,548.0371695,588,7.816758172,2560,34.03214442,4845,64.40849208,8789,116.8392646,3241,43.08522659,199693,103891,520.2535893,67098,336.0057689,21025,105.286615,5930,29.69558272,1749,8.758444212,199693,430
Mid Devon,E07000042,30331,7045,232.2706142,14250,469.8163595,281,9.264448914,1450,47.80587518,2101,69.26906465,4323,142.5274472,881,29.04619037,77750,36263,466.4051447,27554,354.392283,10398,133.7363344,2785,35.81993569,750,9.646302251,77750,69
Mid Suffolk,E07000203,41665,8831,211.9524781,23149,555.5982239,304,7.296291852,1429,34.29737189,2476,59.42637706,4399,105.5802232,1077,25.84903396,96731,46319,478.8433904,34155,353.092597,12432,128.5213634,3020,31.22060146,805,8.322047741,96731,177
Mid Sussex,E07000228,60745,13907,228.9406536,32752,539.1719483,398,6.551979587,1843,30.33994567,3560,58.60564656,5953,97.99983538,2332,38.38999095,139860,72448,518.003718,47524,339.7969398,14938,106.8068068,3864,27.62762763,1086,7.764907765,139860,319
Middlesbrough,E06000002,62839,17932,285.3641847,36360,578.6215567,314,4.996896832,1287,20.48091154,1358,21.61078311,2511,39.95926097,3077,48.96640621,138412,62855,454.1152501,45295,327.2476375,19719,142.4659712,8001,57.80568159,2542,18.36545964,138412,365
Milton Keynes,E06000042,143998,26264,182.3914221,96424,669.6204114,560,3.888942902,2753,19.11832109,4017,27.89622078,8846,61.43140877,5134,35.65327296,248821,124826,501.6698751,86778,348.7567368,26929,108.2263957,7955,31.97077417,2333,9.376218245,248821,501
Mole Valley,E07000210,46437,8850,190.5807869,27348,588.9269333,295,6.352692896,1441,31.0312897,2722,58.61705106,4436,95.52727351,1345,28.96397269,85375,43926,514.5065886,28801,337.3469985,9607,112.5270864,2437,28.54465593,604,7.074670571,85375,239
New Forest,E07000091,75620,18014,238.2174028,39950,528.2993917,591,7.815392753,2474,32.71621264,4301,56.8764877,7283,96.31049987,3007,39.76461254,176462,79671,451.4909726,63302,358.7287915,24871,140.9425259,6715,38.0535186,1903,10.7841915,176462,303
Newark and Sherwood,E07000175,50938,12060,236.7584122,29178,572.8140092,311,6.105461541,1603,31.46962975,2009,39.44010366,3927,77.09372178,1850,36.3186619,114817,51505,448.5833979,39671,345.515037,16874,146.9642997,5246,45.69009816,1521,13.24716723,114817,223
Newcastle upon Tyne,E08000021,169652,36034,212.3995002,109168,643.4819513,664,3.913894325,3477,20.49489543,3354,19.76988188,6656,39.23325396,10299,60.70662297,280177,133933,478.0299596,89096,317.9989792,38018,135.6927942,14793,52.79876649,4337,15.47950046,280177,493
Newcastle-under-Lyme,E07000195,49280,11413,231.5949675,28832,585.0649351,243,4.931006494,1403,28.46996753,1685,34.19237013,3379,68.56737013,2325,47.17938312,123871,55311,446.5209775,42716,344.8426185,17802,143.7140251,6312,50.95623673,1730,13.9661422,123871,350
Newham,E09000025,103887,20595,198.2442462,55629,535.4760461,1053,10.13601317,3496,33.65194875,5670,54.57853244,10487,100.9462204,6957,66.96699298,307984,149269,484.6647878,106549,345.9562834,34839,113.1195127,12763,41.44046444,4564,14.81895163,307984,745
North Devon,E07000043,47704,11757,246.4573201,24565,514.9463357,361,7.567499581,1917,40.18530941,2411,50.54083515,5203,109.0684219,1490,31.23427805,93667,43441,463.7812677,31704,338.4756638,13264,141.608037,4064,43.38774595,1194,12.7472856,93667,55
North Dorset,E07000050,30265,6409,211.7627623,16499,545.1511647,226,7.467371551,1135,37.50206509,1804,59.60680654,3374,111.4819098,818,27.02792004,68583,32782,477.9901725,24146,352.0697549,8808,128.4283277,2266,33.04025779,581,8.471487103,68583,83
North East Derbyshire,E07000038,31416,7594,241.7239623,16779,534.0909091,211,6.716322893,1099,34.98217469,1499,47.71454036,3279,104.3735676,955,30.39852305,99023,42535,429.546671,33926,342.6072731,15734,158.8923785,5319,53.71479353,1509,15.2388839,99023,272
North East Lincolnshire,E06000012,71067,19846,279.257602,41220,580.0160412,334,4.699790339,1724,24.25879804,1801,25.34228263,3782,53.21738641,2360,33.2080994,159616,70242,440.0686648,55935,350.4347935,23779,148.9762931,7507,47.0316259,2153,13.48862269,159616,252
North Hertfordshire,E07000099,52441,11621,221.6014187,28989,552.7926622,374,7.131824336,1685,32.13134761,2840,54.15609924,4870,92.86626876,2062,39.32037909,127114,63801,501.9195368,43360,341.1111286,14965,117.7289677,3958,31.13740422,1030,8.102962695,127114,298
North Kesteven,E07000139,45839,8992,196.1648378,28439,620.4105674,263,5.737472458,1370,29.88721394,1838,40.09686075,3614,78.84116146,1323,28.86188617,107766,49563,459.9131451,37834,351.0754784,14941,138.6429857,4198,38.95477238,1230,11.4136184,107766,195
North Lincolnshire,E06000013,76797,18008,234.4883264,47847,623.0321497,390,5.078323372,1963,25.56089431,2167,28.21724807,4258,55.44487415,2164,28.17818404,167446,73234,437.3589097,59883,357.625742,24667,147.3131636,7593,45.34596228,2069,12.3562223,167446,278
North Norfolk,E07000147,39632,10147,256.0304804,18969,478.6283811,352,8.881711748,1734,43.75252321,2671,67.39503432,4644,117.1780379,1115,28.13383125,101499,39504,389.205805,38336,377.6983024,17412,171.5484882,4839,47.67534656,1408,13.87205785,101499,185
North Somerset,E06000024,83584,20746,248.2053982,44681,534.5640314,490,5.862366003,2527,30.23305896,4057,48.5379977,7567,90.5316807,3516,42.06546708,202566,93803,463.0737636,70435,347.7138315,27670,136.5974547,8276,40.85581983,2382,11.75913036,202566,333
North Tyneside,E08000022,84221,19846,235.641942,51942,616.7345436,368,4.369456549,1918,22.77341756,2227,26.44233623,4758,56.49422353,3162,37.54408045,200801,90031,448.3593209,66955,333.4395745,30156,150.178535,10638,52.97782382,3021,15.04474579,200801,431
North Warwickshire,E07000218,39558,7393,186.890136,25974,656.6054907,184,4.651397947,997,25.20349866,1076,27.20056626,2618,66.1813034,1316,33.26760706,62014,27979,451.1723159,21604,348.372948,8725,140.6940368,2850,45.95736447,856,13.80333473,62014,150
North West Leicestershire,E07000134,53711,10266,191.1340321,35284,656.9231629,246,4.580067398,1342,24.98557093,1604,29.86352889,3484,64.86566997,1485,27.64796783,93468,42477,454.4550006,33202,355.223178,12978,138.8496598,3733,39.93880258,1078,11.53335901,93468,211
Northumberland,E06000057,123686,30068,243.0994615,69009,557.9370341,880,7.11479068,4676,37.80541047,5017,40.56239186,10121,81.82817781,3915,31.65273353,316028,138990,439.8028023,108458,343.1911096,48580,153.7205564,15641,49.49245004,4359,13.79308163,316028,700
Norwich,E07000148,89224,20856,233.7487671,54466,610.4411369,344,3.855464897,1890,21.18264144,2270,25.44158522,4500,50.43486058,4898,54.8955438,132512,59454,448.6687998,46939,354.2245231,18620,140.5155759,5862,44.23750302,1637,12.35359816,132512,200
Nottingham,E06000018,174216,39039,224.0838959,109827,630.4070809,678,3.891720623,3339,19.16586307,3823,21.94402351,7505,43.07870689,10005,57.42870919,305680,141038,461.3909971,103332,338.0397802,41581,136.0278723,15063,49.27702172,4666,15.26432871,305680,636
Nuneaton and Bedworth,E07000219,45300,11700,258.2781457,25941,572.6490066,228,5.033112583,1137,25.09933775,1440,31.78807947,3204,70.72847682,1650,36.42384106,125252,55086,439.8013605,44255,353.3276914,18133,144.7721394,6019,48.05512088,1759,14.04368793,125252,274
Oadby and Wigston,E07000135,21125,5247,248.3786982,11723,554.9349112,134,6.343195266,588,27.83431953,836,39.5739645,1491,70.57988166,1106,52.35502959,56170,25383,451.8960299,20568,366.1741143,7524,133.9505074,2082,37.06604949,613,10.91329891,56170,161
Oldham,E08000004,89047,20171,226.5208261,53441,600.1437443,587,6.592024437,2538,28.50180242,2933,32.93766213,5983,67.18923714,3394,38.11470347,224897,101526,451.4333228,74987,333.4281916,32778,145.7467196,12179,54.15367924,3427,15.23808677,224897,628
Oxford,E07000178,99423,19159,192.7018899,64870,652.4647214,349,3.510254167,1618,16.27390041,2836,28.52458687,4281,43.05844724,6310,63.46619997,151906,83904,552.3415797,48201,317.3080721,14320,94.26882414,4189,27.57626427,1292,8.505259832,151906,175
Pendle,E07000122,34602,8071,233.2524132,19919,575.6603665,257,7.42731634,1092,31.55886943,1458,42.1362927,2537,73.3194613,1268,36.64528062,89452,38965,435.5967446,30826,344.6093995,13431,150.1475652,4921,55.01274427,1309,14.63354648,89452,260
Peterborough,E06000031,101167,21833,215.81148,65794,650.3504107,430,4.250397857,2078,20.54029476,2648,26.17454308,5100,50.41169551,3284,32.46117805,183631,81275,442.5995611,68493,372.9925775,24362,132.6682314,7425,40.43434932,2076,11.3052807,183631,316
Plymouth,E06000026,121963,29981,245.8204537,72233,592.2533883,596,4.886727942,2647,21.70330346,3373,27.65592844,6914,56.68932381,6219,50.99087428,256384,117976,460.1535197,85956,335.2627309,35756,139.462681,13012,50.751997,3684,14.36907139,256384,207
Poole,E06000029,78847,17533,222.3673697,47453,601.8364681,402,5.09848187,1845,23.39974888,2968,37.64252286,5506,69.83144571,3140,39.82396286,147645,68689,465.2307901,51486,348.7148227,19849,134.4373328,5841,39.56110942,1780,12.055945,147645,395
Portsmouth,E06000044,109456,23650,216.0685572,67708,618.586464,402,3.672708668,2238,20.44657214,2575,23.52543488,6779,61.93356234,6104,55.76670077,205056,97795,476.9185003,71443,348.4072644,25464,124.1807116,7995,38.98934925,2359,11.50417447,205056,355
Preston,E07000123,87088,19549,224.4740952,55129,633.0263641,400,4.5930553,1819,20.88691898,1863,21.39215506,3712,42.62355319,4616,53.00385817,140202,65276,465.5853697,47840,341.2219512,18585,132.5587367,6644,47.38876764,1857,13.24517482,140202,311
Purbeck,E07000051,20220,4385,216.8644906,11347,561.1770524,153,7.566765579,725,35.85558853,1082,53.51137488,1897,93.81800198,631,31.20672601,44973,20231,449.8476864,16148,359.0598804,6340,140.973473,1782,39.62377426,472,10.495186,44973,68
Reading,E06000038,89115,16984,190.5851989,57607,646.4343825,305,3.422543904,1957,21.96038826,2342,26.2806486,5465,61.32525389,4455,49.99158391,155698,78169,502.0552608,54913,352.6891803,16770,107.7085126,4590,29.48014746,1256,8.06689874,155698,267
Redbridge,E09000026,78894,18654,236.443836,37631,476.981773,853,10.81197556,3181,40.31992293,5469,69.3208609,9271,117.5121048,3835,48.60952671,278970,134230,481.1628491,97595,349.8404846,33470,119.9770585,10479,37.56317884,3196,11.45642901,278970,816
Redcar and Cleveland,E06000003,45844,12578,274.3652386,26055,568.3404589,290,6.325800541,1288,28.09527964,1399,30.51653433,2688,58.63362708,1546,33.72306081,135177,57285,423.7777137,45844,339.1405343,21449,158.673443,8184,60.54284383,2415,17.86546528,135177,315
Redditch,E07000236,39031,8344,213.7787912,24280,622.069637,170,4.355512285,874,22.39245728,1291,33.07627271,2693,68.99643873,1379,35.33089083,84214,39391,467.7488304,29354,348.5643717,10913,129.5865296,3522,41.82202484,1034,12.27824352,84214,172
Reigate and Banstead,E07000211,67831,13596,200.4393272,40777,601.1558137,382,5.631643349,1759,25.93209594,3237,47.72154325,5946,87.65903495,2134,31.46054164,137835,71052,515.4859071,46908,340.3199478,14866,107.8535931,3844,27.88841731,1165,8.452134799,137835,399
Ribble Valley,E07000124,29815,5558,186.4162334,17848,598.6248533,185,6.204930404,1086,36.42461848,1255,42.09290626,2570,86.19822237,1313,44.03823579,57132,29415,514.8603235,18376,321.6411118,7049,123.3809424,1805,31.59350277,487,8.524119583,57132,145
Richmond upon Thames,E09000027,78387,13914,177.5039228,42737,545.2051998,659,8.407006264,2753,35.12061949,6021,76.81120594,8855,112.96516,3448,43.98688558,186990,107217,573.3836034,57088,305.2997486,16662,89.10636932,4617,24.69115996,1406,7.519118669,186990,295
Richmondshire,E07000166,27802,4722,169.8438961,17685,636.1053162,165,5.934824833,1095,39.38565571,1012,36.40025897,2383,85.71325804,740,26.61679016,51965,26678,513.3840085,17383,334.5136149,5988,115.2314058,1523,29.3081882,393,7.562782642,51965,82
Rochdale,E08000005,79184,17343,219.0215195,47746,602.9753486,605,7.640432411,2333,29.46302283,2936,37.07819762,5809,73.36077996,2412,30.46069913,211699,94233,445.1272798,70158,331.4044941,31303,147.8656016,12453,58.82408514,3552,16.77853934,211699,600
Rochford,E07000075,26660,6384,239.459865,13112,491.8229557,211,7.91447862,1013,37.99699925,1574,59.03975994,3531,132.4456114,835,31.32033008,83287,39774,477.5535198,29085,349.2141631,10832,130.0563113,2816,33.8107988,780,9.365207055,83287,268
Rossendale,E07000125,24266,5164,212.8080442,13666,563.1748125,161,6.634797659,902,37.17135086,1191,49.08101871,2400,98.90381604,782,32.22616006,67982,31438,462.4459416,22508,331.0876408,9603,141.2579801,3475,51.11647201,958,14.09196552,67982,166
Rother,E07000064,32090,7673,239.1087566,14514,452.2904332,298,9.28638205,1371,42.7235899,2588,80.648177,4566,142.2873169,1080,33.65534434,90588,36737,405.539365,33152,365.9645869,14960,165.1432861,4463,49.26701108,1276,14.08575087,90588,349
Rotherham,E08000018,107716,26836,249.1366185,64221,596.2066917,609,5.653756174,2786,25.86430985,3177,29.49422556,7128,66.17401315,2959,27.47038509,257280,111232,432.3383085,87237,339.0741604,39278,152.6663557,15114,58.74533582,4419,17.17583955,257280,745
Rugby,E07000220,47452,9409,198.2845823,29929,630.7215713,217,4.573042232,1159,24.42468178,1616,34.05546658,3387,71.37739189,1735,36.56326393,100075,47711,476.7524357,35306,352.7954034,12580,125.7057207,3508,35.05370972,970,9.692730452,100075,173
Runnymede,E07000212,49802,8133,163.3066945,32838,659.3711096,230,4.618288422,1067,21.42484238,1718,34.49660656,3678,73.85245572,2138,42.93000281,80510,41319,513.2157496,27451,340.9638554,8767,108.8933052,2371,29.44975779,602,7.477332008,80510,155
Rushcliffe,E07000176,45942,10408,226.5465152,25850,562.6659701,304,6.617038875,1332,28.99307823,2297,49.99782334,3700,80.53632841,2051,44.64324583,111129,57689,519.1174221,36222,325.9455228,12779,114.9924862,3468,31.20697568,971,8.737593247,111129,203
Rushmoor,E07000092,49880,8512,170.6495589,33901,679.6511628,198,3.969526864,1041,20.87008821,1319,26.44346431,3298,66.11868484,1611,32.29751403,93807,46970,500.7089023,33340,355.410577,10099,107.6572111,2625,27.98298634,773,8.240323217,93807,219
Rutland,E06000017,18293,3840,209.9163614,10690,584.3765375,147,8.035860712,604,33.01809435,957,52.31509321,1486,81.23325862,569,31.10479418,37369,18828,503.8400814,12718,340.3355723,4532,121.2769943,1008,26.97422998,283,7.573122107,37369,65
Ryedale,E07000167,25988,5577,214.5990457,13518,520.1631522,240,9.235031553,1300,50.02308758,1412,54.33276897,3144,120.9789133,797,30.66800062,51751,23555,455.1602868,18476,357.0172557,7329,141.6204518,1846,35.67080829,545,10.53119746,51751,67
Salford,E08000006,113752,22625,198.8976018,75116,660.348829,479,4.210914973,2492,21.90730712,2725,23.95562276,6505,57.18580772,3810,33.49391659,233933,107689,460.3412088,75685,323.5328064,32849,140.4205478,13741,58.73904067,3969,16.96639636,233933,619
Sandwell,E08000028,125467,27249,217.1806132,80500,641.6029713,700,5.579156272,3206,25.55253573,3260,25.98292778,6955,55.43290268,3597,28.66889302,308063,129182,419.3363046,107081,347.5944855,48087,156.0946949,18171,58.9846882,5542,17.98982676,308063,963
Scarborough,E07000168,46119,12816,277.8898068,22266,482.7945099,387,8.391335458,2032,44.05993192,2091,45.33923112,4581,99.32999415,1946,42.1951907,108793,45241,415.8447694,38721,355.914443,17588,161.664813,5712,52.50337797,1531,14.07259658,108793,188
Sedgemoor,E07000188,46639,11153,239.1346298,24689,529.3638371,298,6.389502348,1713,36.72891786,2367,50.75151697,4772,102.3178027,1647,35.31379318,114588,51044,445.4567669,40291,351.6162251,16930,147.74671,4994,43.58222501,1329,11.5980731,114588,177
Sefton,E08000014,102777,27341,266.0225537,55195,537.0364965,600,5.837882016,3026,29.44238497,3893,37.87812448,7892,76.78760812,4830,46.99495023,273790,124069,453.1538771,89115,325.4866869,40620,148.3618832,15549,56.79170167,4437,16.2058512,273790,781
Selby,E07000169,35476,7166,201.9957154,21381,602.689142,243,6.849701206,1197,33.74112076,1405,39.60423949,2991,84.31051979,1093,30.80956139,83449,40351,483.5408453,28624,343.0118995,10654,127.6707929,3008,36.0459682,812,9.730494074,83449,119
Sevenoaks,E07000111,46402,10502,226.3264514,23924,515.5812249,398,8.577216499,1764,38.01560278,3111,67.04452394,5200,112.0641352,1503,32.39084522,114893,58796,511.7457112,38344,333.7366071,13180,114.7154309,3569,31.06368534,1004,8.738565448,114893,275
Sheffield,E08000019,261340,61686,236.037346,153820,588.5819239,1272,4.867222775,5758,22.03260121,7922,30.31300222,15540,59.46276881,15342,58.70513507,552698,258250,467.2533644,184343,333.5329601,75733,137.0241977,26703,48.31390741,7669,13.87557038,552698,1204
Shropshire,E06000051,145002,34364,236.9898346,77760,536.2684653,1115,7.68954911,5763,39.74427939,6798,46.88211197,14340,98.89518765,4862,33.53057199,306129,142309,464.8661185,106909,349.2285932,41475,135.4821007,11979,39.13056261,3457,11.292625,306129,539
Slough,E06000039,74593,11431,153.2449426,51802,694.4619468,359,4.812784041,1544,20.6989932,2411,32.32206775,4577,61.35964501,2469,33.09962061,140205,67156,478.9843444,50464,359.9301024,16288,116.172747,4906,34.99161941,1391,9.921186834,140205,313
Solihull,E08000029,99967,22012,220.1926636,61210,612.3020597,544,5.441795793,2135,21.35704783,3494,34.95153401,6473,64.75136795,4099,41.00353117,206674,98197,475.1299147,70683,342.0023806,27056,130.9114838,8241,39.87439155,2497,12.08182935,206674,550
South Cambridgeshire,E07000012,74393,12877,173.0942427,47627,640.2080841,410,5.511271222,2031,27.30095574,3581,48.13624938,5961,80.12850671,1906,25.62069012,148755,78041,524.6277436,50147,337.1113576,15792,106.1611374,3739,25.13528957,1036,6.964471782,148755,182
South Derbyshire,E07000039,33980,6989,205.6798117,20073,590.7298411,228,6.709829311,1018,29.95879929,1513,44.52619188,2955,86.96291936,1204,35.43260742,94611,45075,476.4245172,32550,344.0403336,12348,130.5133653,3647,38.54731479,991,10.47446914,94611,238
South Gloucestershire,E06000025,141998,30043,211.5734024,89116,627.586304,551,3.880336343,2864,20.16929816,4219,29.71168608,9541,67.1910872,5664,39.88788574,262767,129141,491.4658233,91675,348.8832312,30940,117.7469012,8556,32.56116636,2455,9.342877911,262767,390
South Hams,E07000044,43382,9503,219.0539855,21966,506.3390346,379,8.736342262,1862,42.92102715,3144,72.47245401,5043,116.2463695,1485,34.23078696,83140,39414,474.0678374,28574,343.68535,11075,133.209045,3156,37.96006736,921,11.07770026,83140,45
South Holland,E07000140,38861,7586,195.2085639,24057,619.0525205,251,6.458917681,1320,33.96721649,1461,37.5955328,3196,82.24183629,990,25.47541237,88270,35771,405.2452702,33149,375.5409539,13968,158.2417582,4167,47.20743174,1215,13.76458593,88270,177
South Kesteven,E07000141,57223,13480,235.5696136,31837,556.367195,382,6.675637419,1891,33.04615277,2628,45.92558936,4823,84.28429128,2182,38.13152054,133788,62625,468.0913086,46999,351.2945855,17767,132.7996532,5005,37.40993213,1392,10.40452058,133788,271
South Lakeland,E07000031,52022,12224,234.9775095,26852,516.1662374,447,8.59251855,2388,45.90365615,2712,52.1317904,5414,104.0713544,1985,38.15693361,103658,48461,467.5085377,36385,351.0100523,14117,136.1882344,3701,35.70394953,994,9.589226109,103658,264
South Norfolk,E07000149,54367,12990,238.9317049,29579,544.061655,335,6.161826108,1618,29.76070042,2894,53.23082017,5284,97.19131091,1667,30.66198245,124012,57480,463.5035319,44400,358.0298681,16575,133.6564203,4297,34.64987259,1260,10.16030707,124012,217
South Northamptonshire,E07000155,34323,6597,192.2034787,18915,551.0881916,251,7.312880576,1342,39.09914635,2010,58.56131457,4093,119.2494829,1115,32.48550535,85189,43204,507.1546796,29703,348.6717769,9378,110.0846353,2247,26.37664487,657,7.71226332,85189,129
South Oxfordshire,E07000179,61683,12563,203.6703792,34755,563.4453577,441,7.149457711,2107,34.15852018,3785,61.36212571,5889,95.47201012,2143,34.74214938,134257,70571,525.6411211,44779,333.5319574,14409,107.3240129,3517,26.19602702,981,7.306881578,134257,204
South Ribble,E07000126,49069,9912,202.0012635,30499,621.5533229,250,5.094866413,1365,27.81797061,1546,31.5066539,3480,70.92054046,2017,41.10538222,109057,52009,476.8974023,37211,341.2068918,14240,130.5739201,4473,41.01524891,1124,10.30653695,109057,225
South Somerset,E07000189,77724,17383,223.6503525,44566,573.3878853,445,5.725387268,2424,31.18727806,3584,46.11188307,7072,90.98862642,2250,28.94858731,161243,73277,454.4507358,57906,359.1225666,22282,138.1889446,6115,37.92412694,1663,10.31362602,161243,162
South Staffordshire,E07000196,36453,8716,239.1024058,18968,520.3412614,285,7.818286561,1352,37.08885414,1786,48.99459578,3877,106.3561298,1469,40.29846652,108131,49032,453.449982,38390,355.0323219,14901,137.8050698,4435,41.01506506,1373,12.69756129,108131,251
South Tyneside,E08000023,50317,13140,261.1443449,29787,591.9868037,293,5.823081662,1310,26.03493849,1271,25.25985253,2820,56.04467675,1696,33.70630205,148127,63345,427.6397956,48861,329.8588373,23700,159.9978397,9394,63.418553,2827,19.08497438,148127,448
Southampton,E06000045,112852,25137,222.7430617,66826,592.1560983,497,4.403998157,2387,21.15159678,3078,27.27466062,7347,65.10296672,7580,67.16761776,236882,112653,475.5658936,82880,349.8788426,29278,123.5974029,9223,38.93499717,2848,12.0228637,236882,342
Southend-on-Sea,E06000033,72074,19455,269.9309043,37292,517.4126592,458,6.354580015,2088,28.97022505,3337,46.29963648,6390,88.65887838,3054,42.37311652,173658,78341,451.1223209,60929,350.8562807,24420,140.621221,7778,44.78918334,2190,12.61099402,173658,607
Southwark,E09000028,183496,24919,135.8013254,126099,687.2029908,878,4.784845446,4975,27.11230763,6393,34.83999651,13451,73.30405022,6781,36.95448402,288283,154204,534.9049372,90004,312.207102,29935,103.838936,10544,36.57517093,3596,12.47385382,288283,419
Spelthorne,E07000213,41012,7459,181.873598,24905,607.2612894,230,5.608114698,1161,28.30878767,1862,45.40134595,3911,95.36233298,1484,36.18453136,95598,45929,480.4389213,34239,358.1560284,11509,120.3895479,3085,32.27054959,836,8.744952823,95598,204
St Albans,E07000240,61531,13656,221.9369099,33314,541.418147,421,6.842079602,1868,30.35868099,3762,61.13991321,5469,88.88202695,3041,49.42224245,140664,77531,551.1786953,44813,318.5818689,13802,98.12034351,3521,25.03128021,997,7.087812091,140664,320
St Edmundsbury,E07000204,58400,13437,230.0856164,34909,597.7568493,309,5.29109589,1553,26.59246575,2135,36.55821918,3971,67.99657534,2086,35.71917808,111008,52543,473.3262468,39656,357.2355146,14081,126.8467138,3695,33.28588931,1033,9.30563563,111008,116
St. Helens,E08000013,64928,15415,237.416831,39439,607.426688,344,5.298176442,1708,26.3060621,1767,27.21476097,4065,62.60781173,2190,33.72966979,175308,78620,448.4678395,55983,319.3408173,26198,149.439843,11364,64.82305428,3143,17.92844594,175308,503
Stafford,E07000197,67178,15423,229.58409,40267,599.4075441,336,5.001637441,1813,26.98800202,2126,31.64726547,4323,64.35142457,2890,43.02003632,130869,60366,461.2704307,46574,355.8826002,17316,132.3155216,5118,39.1078101,1495,11.42363738,130869,320
Staffordshire Moorlands,E07000198,34851,8092,232.1884594,17817,511.2335371,288,8.263751399,1355,38.87980259,1707,48.97994319,4087,117.2706666,1505,43.18383978,97106,42874,441.5175169,34050,350.6477458,14432,148.6210945,4420,45.51726979,1330,13.69637304,97106,268
Stevenage,E07000243,44839,9611,214.3446553,27847,621.0441803,163,3.635228261,827,18.44376547,1231,27.45377908,3201,71.3887464,1959,43.68964517,83957,39514,470.6456877,29953,356.7659635,10652,126.8744715,2984,35.54200364,854,10.1718737,83957,153
Stockport,E08000007,125903,28600,227.1590034,73480,583.6239009,753,5.980794739,3653,29.01439997,4842,38.45817812,9664,76.75750379,4911,39.00621907,283275,135500,478.3337746,94251,332.7190892,37601,132.7367399,12505,44.14438267,3418,12.06601359,283275,654
Stockton-on-Tees,E06000004,86322,21894,253.6317509,52530,608.5354834,412,4.772827321,1907,22.09170316,2167,25.10368156,4222,48.90989551,3190,36.95465814,191610,88811,463.4987736,64282,335.4835343,26385,137.7015813,9296,48.51521319,2836,14.80089766,191610,438
Stoke-on-Trent,E06000021,114156,26817,234.915379,70321,616.007919,606,5.308525176,2738,23.98472266,2922,25.59655209,6163,53.98752584,4589,40.19937629,249008,104510,419.705391,86311,346.6193857,38179,153.3243912,15356,61.66870141,4652,18.68213069,249008,716
Stratford-on-Avon,E07000221,63398,12222,192.7821067,36507,575.8383545,451,7.113789079,2207,34.81182372,3455,54.49698729,6246,98.52045806,2310,36.43648065,120485,58094,482.1679047,41966,348.3089181,15315,127.1112587,4049,33.60584305,1061,8.806075445,120485,270
Stroud,E07000082,50092,10999,219.5759802,27085,540.7051026,341,6.807474247,1711,34.15715084,3186,63.60297053,5063,101.0740238,1707,34.07729777,112779,53779,476.8529602,39711,352.1134254,14441,128.0468882,3783,33.54347884,1065,9.443247413,112779,173
Suffolk Coastal,E07000205,54351,11969,220.2167393,30774,566.2085334,447,8.2243197,1730,31.83014112,3087,56.79748303,4704,86.54854556,1640,30.17423782,124298,57526,462.8071248,44087,354.6879274,17122,137.7496018,4427,35.61601957,1136,9.139326457,124298,253
Sunderland,E08000024,126089,29658,235.2148086,80199,636.0507261,623,4.940954405,2699,21.40551515,2809,22.27791481,5516,43.74687721,4585,36.36320377,275506,117365,425.9979819,90557,328.693386,43951,159.5282861,18155,65.89693146,5478,19.88341452,275506,775
Surrey Heath,E07000214,43918,8964,204.1076552,26226,597.1583405,237,5.396420602,1120,25.50207204,1992,45.35725671,3573,81.35616376,1806,41.12209117,86144,46062,534.7093239,28683,332.9657318,8613,99.98374814,2148,24.93499257,638,7.406203566,86144,228
Sutton,E09000029,72286,15863,219.4477492,38807,536.8536093,528,7.304318955,2250,31.12635918,3853,53.30216086,8043,111.2663586,2942,40.69944388,190146,92668,487.3518244,67563,355.3217002,22127,116.3684748,6072,31.93335647,1716,9.024644221,190146,455
Swale,E07000113,52439,11920,227.3117336,29553,563.5690993,336,6.407444841,1721,32.81908503,2212,42.1823452,5108,97.4084174,1589,30.30187456,135835,60198,443.1700225,48719,358.6630839,19118,140.7442853,6008,44.23013215,1792,13.19247617,135835,401
Swindon,E06000030,108642,22386,206.0529077,70540,649.2884888,347,3.193976547,2074,19.09022293,2931,26.9785166,6826,62.83021299,3538,32.56567442,209156,100931,482.5632542,73591,351.8474249,25056,119.7957505,7556,36.12614508,2022,9.667425271,209156,317
Tameside,E08000008,79528,17955,225.7695403,47183,593.2878986,476,5.985313349,2302,28.9457801,2708,34.05090031,6378,80.1981692,2526,31.76239815,219324,96404,439.5506192,73918,337.0264996,33009,150.5033649,12492,56.95683099,3501,15.96268534,219324,641
Tamworth,E07000199,30315,7506,247.6001979,17689,583.5065149,138,4.55220188,734,24.21243609,917,30.24905162,2228,73.49496949,1103,36.38462807,76813,35029,456.0295783,27064,352.3361931,10314,134.2741463,3399,44.25032221,1007,13.10976007,76813,193
Tandridge,E07000215,33114,7230,218.3366552,16813,507.7308691,295,8.908618711,1250,37.74838437,2289,69.12484146,4007,121.0062209,1230,37.14441022,82998,41916,505.0242175,28514,343.550447,9450,113.8581653,2403,28.95250488,715,8.614665414,82998,210
Taunton Deane,E07000190,59898,15064,251.4942068,34046,568.3996127,288,4.808173896,1554,25.94410498,2303,38.44869612,4388,73.25787172,2255,37.6473338,110187,51946,471.4349243,38014,344.9953261,14854,134.8071914,4225,38.34390627,1148,10.41865193,110187,181
Teignbridge,E07000045,50050,12028,240.3196803,24861,496.7232767,424,8.471528472,2028,40.51948052,3182,63.57642358,5707,114.025974,1820,36.36363636,124220,55819,449.3559813,43342,348.9132185,18237,146.8121076,5268,42.40862985,1554,12.51006279,124220,105
Telford and Wrekin,E06000020,83177,17296,207.9420994,54245,652.1634586,311,3.739014391,1810,21.7608233,2155,25.90860454,4489,53.96924631,2871,34.51675343,166641,76439,458.7046405,57198,343.2408591,22609,135.6748939,8023,48.14541439,2372,14.23419207,166641,242
Tendring,E07000076,44323,12282,277.1021817,21395,482.7064955,313,7.061796359,1681,37.92613316,2454,55.36628838,4828,108.9276448,1370,30.9094601,138048,53035,384.1779671,49451,358.2159828,25052,181.4731108,8048,58.29856282,2462,17.83437645,138048,576
Test Valley,E07000093,57602,11540,200.340266,35346,613.6245269,278,4.826221312,1560,27.08239297,2559,44.42554078,4513,78.34797403,1806,31.35307802,116398,58222,500.1975979,40262,345.8994141,13530,116.2391106,3457,29.69982302,927,7.964054365,116398,221
Tewkesbury,E07000083,46180,8215,177.8908618,30141,652.6851451,229,4.958856648,1209,26.18016457,1767,38.26331745,3342,72.36899091,1277,27.65266349,81943,39036,476.3799226,29183,356.1378031,10213,124.6354173,2703,32.98634417,808,9.860512795,81943,176
Thanet,E07000114,47538,12682,266.7760528,23703,498.611637,335,7.046993984,1605,33.76246371,2413,50.75939249,4828,101.5608566,1972,41.48260339,134186,54640,407.1959817,47109,351.0723921,22377,166.761063,7785,58.01648458,2275,16.95407867,134186,448
Three Rivers,E07000102,35393,6009,169.7793349,20813,588.054135,257,7.26132286,1178,33.28341762,2268,64.08046789,3805,107.5071342,1063,30.03418755,87317,44267,506.9688606,29873,342.1212364,9772,111.9140603,2672,30.60114296,733,8.394699772,87317,229
Thurrock,E06000034,64202,14617,227.6720351,36986,576.0879723,344,5.358088533,1692,26.35431918,2066,32.17968288,5562,86.63281518,2935,45.71508676,157705,76012,481.9885229,54788,347.4081354,19389,122.9447386,5888,37.33553153,1628,10.32307156,157705,447
Tonbridge and Malling,E07000115,60126,12604,209.6264511,36244,602.800785,296,4.922995044,1544,25.67940658,2630,43.74147623,5022,83.52459834,1786,29.70428766,120805,60306,499.201192,41475,343.3218824,14263,118.0663052,3728,30.85964985,1033,8.550970572,120805,244
Torbay,E06000027,52544,14743,280.5838916,25483,484.9840134,419,7.974269184,1952,37.1498173,2661,50.6432704,5417,103.0945493,1869,35.57018879,130959,54614,417.0312846,45098,344.3673211,21355,163.0663032,7625,58.22432975,2267,17.31076138,130959,149
Torridge,E07000046,24610,6146,249.7358797,10601,430.7598537,246,9.995936611,1364,55.42462414,1825,74.15684681,3803,154.5306786,625,25.39618041,63839,27787,435.2668432,22242,348.4077132,9843,154.184746,3128,48.99826125,839,13.14243644,63839,44
Tower Hamlets,E09000030,234726,25912,110.3925428,178052,758.5525251,1075,4.579807946,4789,20.40251186,4828,20.56866304,12754,54.33569353,7316,31.16825575,254096,128468,505.588439,83209,327.4707197,27062,106.503054,11228,44.18802342,4129,16.24976387,254096,500
Trafford,E08000009,129951,24621,189.4637209,82456,634.5160868,597,4.594039292,2927,22.52387438,4139,31.85046671,7583,58.35276373,7628,58.6990481,226578,115496,509.740575,71694,316.4208352,27549,121.587268,9273,40.92630352,2566,11.32501832,226578,471
Tunbridge Wells,E07000116,54985,12294,223.5882513,29973,545.1123034,394,7.165590616,1884,34.26389015,3202,58.23406384,5156,93.77102846,2082,37.86487224,115049,59156,514.1809142,38656,335.9959669,12788,111.1526393,3550,30.8564177,899,7.814061835,115049,209
Uttlesford,E07000077,40286,8524,211.5871519,22473,557.8364692,274,6.801370203,1471,36.51392543,2194,54.46060666,4082,101.3255225,1268,31.47495408,79443,41746,525.4836801,26483,333.3585086,8620,108.5054693,2067,26.01865488,527,6.633687046,79443,129
Vale of White Horse,E07000180,62253,11382,182.8345622,39680,637.3990009,308,4.947552728,1668,26.79388945,2589,41.58835719,4651,74.7112589,1975,31.7253787,120988,62738,518.5472939,41117,339.8436209,13063,107.9693854,3163,26.14308857,907,7.496611234,120988,187
Wakefield,E08000036,151142,35830,237.0618359,93494,618.5838483,788,5.213640153,3820,25.27424541,4085,27.02756348,8801,58.23000887,4324,28.6088579,325837,139288,427.4775425,110920,340.4156066,50595,155.277025,19507,59.86735699,5527,16.96246896,325837,802
Walsall,E08000030,105000,25234,240.3238095,62784,597.9428571,649,6.180952381,2796,26.62857143,3090,29.42857143,6940,66.0952381,3507,33.4,269323,113525,421.519885,94650,351.4367507,41653,154.6581614,14968,55.57638969,4527,16.80881321,269323,880
Waltham Forest,E09000031,79221,16683,210.5881016,37400,472.097045,924,11.66357405,3172,40.03988841,6116,77.20175206,11254,142.0582926,3672,46.35134623,258249,121652,471.0647476,91954,356.0672065,31133,120.5541938,10053,38.92754667,3457,13.38630546,258249,543
Wandsworth,E09000032,117924,19493,165.3013806,67215,569.9857535,968,8.208676775,3982,33.76751128,7696,65.26237238,13216,112.0721821,5354,45.4021234,306995,176198,573.944201,91935,299.467418,27299,88.92327237,8749,28.49883549,2814,9.166273066,306995,447
Warrington,E06000007,114983,24156,210.0832297,74501,647.9305636,459,3.991894454,2288,19.89859371,2894,25.16893802,6231,54.19061948,4454,38.736161,202228,100734,498.1209328,66223,327.4670174,24446,120.8833594,8466,41.86363906,2359,11.66505133,202228,514
Warwick,E07000222,77726,15226,195.8932661,49341,634.8068857,388,4.991894604,1873,24.0974706,2928,37.67079227,4995,64.26421017,2975,38.27548053,137648,69660,506.0734627,46720,339.4164826,15719,114.1970824,4275,31.05747995,1274,9.25549227,137648,242
Watford,E07000103,51469,10441,202.859974,31197,606.1318464,232,4.507567662,1216,23.62587188,1869,36.31312052,3715,72.17937011,2799,54.38224951,90301,45200,500.5481667,31453,348.3128648,9911,109.7551522,2931,32.45811231,806,8.925704034,90301,237
Waveney,E07000206,44953,12766,283.985496,23417,520.9218517,321,7.140791493,1414,31.4550753,1965,43.71232176,3621,80.5507975,1449,32.23366627,115254,47348,410.8143752,41820,362.850747,18541,160.8707724,5829,50.57525118,1716,14.88885418,115254,249
Waverley,E07000216,52153,11400,218.5876172,26706,512.0702548,459,8.801027745,1956,37.50503327,3762,72.13391368,5633,108.009127,2237,42.89302629,121572,65068,535.2219261,39777,327.1888264,12768,105.0241832,3078,25.31832988,881,7.246734445,121572,300
Wealden,E07000065,55601,12340,221.9384543,25535,459.25433,508,9.136526321,2425,43.61432348,4704,84.60279491,7995,143.7923778,2094,37.66119314,148915,70867,475.8889299,52009,349.2529295,19408,130.3293825,5198,34.90581876,1433,9.622939261,148915,374
Wellingborough,E07000156,34351,6986,203.3710809,21736,632.7617828,213,6.200692847,959,27.91767343,1031,30.01368228,2392,69.63407179,1034,30.10101598,75356,32913,436.7668135,27907,370.3354743,10687,141.8201603,2973,39.45273104,876,11.62482085,75356,151
Welwyn Hatfield,E07000241,68426,12558,183.5267296,44767,654.2396165,263,3.843568234,1299,18.98401193,2039,29.79861456,4040,59.04188466,3460,50.56557449,110535,56252,508.9066811,37488,339.1504953,12427,112.4259284,3431,31.0399421,937,8.476953001,110535,246
West Berkshire,E06000037,87006,15350,176.4246144,56166,645.5416868,368,4.229593361,2255,25.9177528,3400,39.07776475,6915,79.47727743,2552,29.33131048,153822,79432,516.3890731,53069,345.0026654,16456,106.980796,3818,24.82089688,1047,6.806568631,153822,223
West Devon,E07000047,21560,5200,241.187384,9361,434.1836735,202,9.369202226,1064,49.35064935,1695,78.61781076,3245,150.5102041,793,36.78107607,53553,24556,458.5364032,18599,347.3008048,7646,142.7744477,2120,39.58695124,632,11.80139301,53553,30
West Dorset,E07000052,52101,13114,251.7034222,26902,516.3432564,397,7.619815359,1978,37.96472237,3060,58.73207808,4938,94.77745149,1712,32.85925414,99264,44070,443.9676015,35640,359.0425532,14604,147.122824,3878,39.06753707,1072,10.7994842,99264,138
West Lancashire,E07000127,49510,10729,216.7036962,29405,593.9204201,321,6.483538679,1535,31.00383761,1736,35.06362351,3531,71.31892547,2253,45.50595839,110685,52675,475.9000768,36226,327.2891539,14800,133.7127885,5380,48.60640557,1604,14.49157519,110685,261
West Lindsey,E07000142,31075,7464,240.1930813,16500,530.9734513,231,7.433628319,1218,39.19549477,1684,54.19147224,2967,95.47868061,1011,32.53419147,89250,39293,440.2577031,32075,359.3837535,13100,146.7787115,3790,42.46498599,992,11.11484594,89250,161
West Oxfordshire,E07000181,48222,9226,191.3234623,28291,586.6824271,322,6.677450126,1698,35.21214383,2635,54.64310895,4502,93.35987723,1548,32.10153042,104779,53984,515.217744,35438,338.2166274,11685,111.5204383,2942,28.07814543,730,6.967044923,104779,179
West Somerset,E07000191,14929,3384,226.6729185,7182,481.0770983,138,9.243753768,701,46.95558979,1094,73.28019291,2045,136.9817134,385,25.78873334,34675,14080,406.0562365,12620,363.9509733,5741,165.5659697,1756,50.64167267,478,13.7851478,34675,32
Westminster,E09000033,579739,59133,101.999348,446971,770.9865991,2078,3.584371588,15188,26.19799599,9544,16.46258058,24592,42.41908859,22233,38.35001613,219396,118808,541.5230907,65807,299.946216,22027,100.3983664,9263,42.22045981,3491,15.91186713,219396,358
Weymouth and Portland,E07000053,21283,6603,310.2476155,9710,456.232674,154,7.235822018,772,36.2730818,1083,50.88568341,2083,97.87154067,878,41.25358267,65167,27562,422.9441282,23933,367.2564335,9802,150.4135529,2952,45.29900103,918,14.08688447,65167,68
Wigan,E08000010,117725,28107,238.7513272,68025,577.8296878,700,5.946060735,3502,29.74729242,3920,33.29794011,9030,76.70418348,4441,37.72350818,317849,144283,453.9356739,103934,326.9917477,46797,147.2302886,18112,56.98303282,4723,14.85925707,317849,907
Wiltshire,E06000054,222448,47635,214.1399338,130704,587.5710278,1236,5.556354744,6542,29.40912033,10494,47.17507013,18669,83.92523196,7168,32.22326117,470981,234318,497.5105153,160362,340.4850726,57221,121.4932237,14974,31.79321459,4106,8.717973761,470981,773
Winchester,E07000094,75566,15174,200.8045947,46460,614.8267739,359,4.750813858,1898,25.11711616,3090,40.89140619,4905,64.91014477,3680,48.69915041,116595,62025,531.9696385,38219,327.792787,12354,105.9565161,3135,26.88794545,862,7.393112912,116595,190
Windsor and Maidenhead,E06000040,76112,13783,181.088396,46651,612.9256885,482,6.332772756,2063,27.10479294,3855,50.64904351,6436,84.55959638,2842,37.3397099,144560,78802,545.1162147,46571,322.1568899,14234,98.46430548,3872,26.78472607,1081,7.477863863,144560,313
Wirral,E08000015,112249,30584,272.465679,61390,546.9091039,704,6.271770795,3387,30.17398819,4318,38.46804871,7807,69.55073096,4059,36.16067849,319783,148028,462.901405,102085,319.2321043,45687,142.8687579,18448,57.68912043,5535,17.3086124,319783,896
Woking,E07000217,44230,8392,189.7354737,26254,593.5790188,273,6.172281257,1163,26.29437034,2320,52.45308614,4047,91.49898259,1781,40.26678725,99198,51360,517.752374,34291,345.6823726,10184,102.6633601,2602,26.23036755,761,7.671525636,99198,186
Wokingham,E06000041,69107,12844,185.8567149,41998,607.7242537,338,4.890966183,1744,25.23622788,3308,47.86779921,6159,89.12266485,2716,39.30137323,154380,83759,542.5508486,51808,335.5875113,14566,94.35159995,3310,21.44060111,937,6.069439047,154380,267
Wolverhampton,E08000031,108004,26040,241.1021814,66002,611.106996,542,5.018332654,2618,24.23984297,2697,24.97129736,5888,54.51649939,4217,39.04485019,249470,104263,417.9380286,88168,353.4212531,39096,156.7162384,13796,55.30123863,4147,16.62324127,249470,735
Worcester,E07000237,53214,13218,248.39328,31557,593.0206337,206,3.871161724,1117,20.99071673,1608,30.21761191,3116,58.55601909,2392,44.95057692,98768,46851,474.3540418,34497,349.2730439,12625,127.8248016,3780,38.27150494,1015,10.27660781,98768,175
Worthing,E07000229,49415,12360,250.1264798,27275,551.9579075,237,4.79611454,1200,24.28412425,2265,45.83628453,4057,82.10057675,2021,40.8985126,104640,46272,442.2018349,37777,361.0187309,15082,144.132263,4355,41.61888379,1154,11.02828746,104640,208
Wychavon,E07000238,54092,11306,209.014272,30820,569.7700214,346,6.39650965,1822,33.68335429,2711,50.11831694,5236,96.79804777,1851,34.21947793,116944,54212,463.5723081,41641,356.0764126,15608,133.4655904,4339,37.1032289,1144,9.782459981,116944,248
Wycombe,E07000007,80986,15110,186.5754575,47802,590.2501667,502,6.198602228,2255,27.84431877,4439,54.8119428,7414,91.54668708,3464,42.77282493,171644,88483,515.5030179,58721,342.1092494,18456,107.5248771,4653,27.10843373,1331,7.754421943,171644,326
Wyre,E07000128,37730,9137,242.168036,18953,502.3323615,332,8.799363901,1733,45.9316194,1887,50.01325205,3876,102.7299231,1812,48.02544394,107749,46601,432.4958932,36224,336.1887349,17189,159.5281627,5944,55.16524515,1791,16.62196401,107749,340
Wyre Forest,E07000239,37393,9684,258.9789533,19688,526.515658,260,6.953173054,1247,33.34848768,1787,47.78969326,3458,92.47720162,1269,33.9368331,97975,42730,436.1316662,34481,351.9367186,14881,151.8856851,4548,46.4200051,1335,13.62592498,97975,249
York,E06000014,102927,24362,236.6920244,59144,574.6208478,507,4.925821213,2569,24.95943727,3330,32.3530269,6355,61.74278858,6660,64.70605381,198051,98402,496.851821,67709,341.8765873,23752,119.9287052,6369,32.15838345,1819,9.184502982,198051,337
